Order ID,Item Type,NoOfUnits,Unit Price,Total Cost
686800706,Cosmetics,8446,437.2,2224085.18
185941302,Vegetables,3018,154.06,274426.74
246222341,Baby Food,1517,255.28,241840.14
161442649,Cereal,3322,205.7,389039.42
645713555,Fruits,9845,9.33,68127.4
683458888,Cereal,9528,205.7,1115824.08
679414975,Cereal,2844,205.7,333060.84
208630645,Clothes,7299,109.28,261596.16
266467225,Vegetables,2428,154.06,220778.04
118598544,Vegetables,4800,154.06,436464
451010930,Clothes,3012,109.28,107950.08
220003211,Snacks,2694,152.58,262503.36
702186715,Household,1508,668.27,757830.32
544485270,Cosmetics,4146,437.2,1091766.18
714135205,Fruits,7332,9.33,50737.44
448685348,Clothes,4820,109.28,172748.8
405997025,Office Supplies,2397,651.21,1258329.12
414244067,Beverages,2880,47.45,91555.2
821912801,Clothes,1117,109.28,40033.28
247802054,Household,8989,668.27,4517332.06
531023156,Snacks,407,152.58,39658.08
880999934,Clothes,6313,109.28,226257.92
127468717,Personal Care,9681,81.73,548622.27
770478332,Clothes,515,109.28,18457.6
430390107,Cereal,852,205.7,99777.72
397877871,Beverages,9759,47.45,310238.61
683927953,Beverages,8334,47.45,264937.86
469839179,Fruits,4709,9.33,32586.28
357222878,Meat,9043,421.89,3297891.67
118002879,Personal Care,8529,81.73,483338.43
944415509,Beverages,2391,47.45,76009.89
499009597,Office Supplies,6884,651.21,3613824.64
564646470,Fruits,293,9.33,2027.56
294499957,Baby Food,7937,255.28,1265316.54
262056386,Beverages,7163,47.45,227711.77
211114585,Office Supplies,2352,651.21,1234705.92
405785882,Office Supplies,9915,651.21,5204978.4
280494105,Vegetables,3294,154.06,299523.42
689975583,Baby Food,7963,255.28,1269461.46
759279143,Office Supplies,6426,651.21,3373392.96
133766114,Office Supplies,3221,651.21,1690896.16
329110324,Beverages,9913,47.45,315134.27
681298100,Meat,103,421.89,37563.07
596628272,Snacks,4419,152.58,430587.36
901712167,Office Supplies,5523,651.21,2899354.08
693473613,Beverages,3107,47.45,98771.53
489148938,Meat,8896,421.89,3244282.24
876286971,Household,1643,668.27,825673.22
262749040,Personal Care,2135,81.73,120990.45
726708972,Meat,8189,421.89,2986446.41
366653096,Vegetables,9654,154.06,877838.22
951380240,Vegetables,3410,154.06,310071.3
270001733,Cosmetics,8368,437.2,2203545.44
681941401,Beverages,470,47.45,14941.3
566935575,Fruits,7690,9.33,53214.8
175033080,Snacks,5033,152.58,490415.52
276595246,Office Supplies,9535,651.21,5005493.6
812295901,Office Supplies,5263,651.21,2762864.48
443121373,Vegetables,8316,154.06,756173.88
600370490,Personal Care,1824,81.73,103366.08
535654580,Office Supplies,949,651.21,498187.04
470897471,Cosmetics,7881,437.2,2075303.73
248335492,Beverages,6846,47.45,217634.34
680517470,Clothes,9097,109.28,326036.48
400304734,Personal Care,7921,81.73,448883.07
810871112,Office Supplies,3636,651.21,1908754.56
235702931,Cereal,8590,205.7,1005974.9
668599021,Office Supplies,2163,651.21,1135488.48
123670709,Baby Food,5766,255.28,919215.72
285341823,Office Supplies,7841,651.21,4116211.36
658348691,Fruits,8862,9.33,61325.04
817740142,Baby Food,6335,255.28,1009925.7
858877503,Beverages,9794,47.45,311351.26
947434604,Vegetables,5808,154.06,528121.44
869397771,Meat,2975,421.89,1084952.75
481065833,Personal Care,6925,81.73,392439.75
159050118,Meat,5319,421.89,1939786.11
350274455,Office Supplies,2850,651.21,1496136
221975171,Cereal,6241,205.7,730883.51
811701095,Office Supplies,9247,651.21,4854305.12
977313554,Cereal,7653,205.7,896242.83
546986377,Snacks,4279,152.58,416945.76
769205892,Fruits,3972,9.33,27486.24
262770926,Clothes,8611,109.28,308618.24
866792809,Snacks,2109,152.58,205500.96
890695369,Beverages,5408,47.45,171920.32
964214932,Cereal,1480,205.7,173322.8
887400329,Snacks,332,152.58,32350.08
980612885,Beverages,3999,47.45,127128.21
734526431,Clothes,1549,109.28,55516.16
160127294,Baby Food,4079,255.28,650274.18
238714301,Clothes,9721,109.28,348400.64
671898782,Household,8635,668.27,4339432.9
331604564,Personal Care,8014,81.73,454153.38
410067975,Cereal,7081,205.7,829255.91
369837844,Snacks,2091,152.58,203747.04
193775498,Fruits,1331,9.33,9210.52
835054767,Clothes,117,109.28,4193.28
167161977,Household,5798,668.27,2913726.92
633895957,Vegetables,2755,154.06,250512.15
699368035,Clothes,7398,109.28,265144.32
698002040,Vegetables,3170,154.06,288248.1
584534299,Snacks,5544,152.58,540207.36
384013640,Vegetables,7025,154.06,638783.25
641801393,Personal Care,2149,81.73,121783.83
173571383,Personal Care,2484,81.73,140768.28
115309941,Snacks,1629,152.58,158729.76
773315894,Cosmetics,213,437.2,56089.29
274200570,Beverages,897,47.45,28515.63
414887797,Clothes,3374,109.28,120924.16
812613904,Beverages,9367,47.45,297776.93
254927718,Baby Food,7632,255.28,1216693.44
749690568,Beverages,8954,47.45,284647.66
775076282,Cereal,1150,205.7,134676.5
229571187,Office Supplies,4071,651.21,2137112.16
881974112,Baby Food,4594,255.28,732375.48
521396386,Snacks,1632,152.58,159022.08
607261836,Household,1127,668.27,566362.58
419306790,Vegetables,1052,154.06,95658.36
207580077,Meat,6413,421.89,2338756.97
742443025,Snacks,4245,152.58,413632.8
164569461,Snacks,8615,152.58,839445.6
734945714,Baby Food,5624,255.28,896578.08
284870612,Clothes,8399,109.28,301020.16
765955483,Fruits,2104,9.33,14559.68
600124156,Snacks,8929,152.58,870041.76
529612958,Household,3098,668.27,1556868.92
466970717,Clothes,5867,109.28,210273.28
845058763,Cosmetics,522,437.2,137458.26
367050921,Snacks,7379,152.58,719009.76
956433522,Office Supplies,8788,651.21,4613348.48
107005393,Beverages,4129,47.45,131260.91
332877862,Beverages,4811,47.45,152941.69
618474757,Baby Food,9279,255.28,1479258.18
468532407,Household,8006,668.27,4023335.24
358099639,Office Supplies,8496,651.21,4460060.16
382537782,Household,285,668.27,143223.9
707520663,Personal Care,9942,81.73,563413.14
219034612,Meat,6064,421.89,2211480.16
573378455,Meat,4281,421.89,1561237.89
347163522,Personal Care,2256,81.73,127847.52
887313640,Snacks,4679,152.58,455921.76
461065137,Cosmetics,8275,437.2,2179055.75
105966842,Fruits,6798,9.33,47042.16
479880082,Baby Food,6035,255.28,962099.7
510978686,Baby Food,8803,255.28,1403374.26
547748982,Snacks,9951,152.58,969625.44
108989799,Cereal,1358,205.7,159035.38
133812463,Cereal,6936,205.7,812274.96
731640803,Fruits,7627,9.33,52778.84
732211148,Snacks,6405,152.58,624103.2
835572326,Cereal,3274,205.7,383418.14
462085664,Baby Food,271,255.28,43202.82
902424991,Clothes,6463,109.28,231633.92
367576634,Fruits,2949,9.33,20407.08
738839423,Meat,7859,421.89,2866098.71
817824685,Baby Food,1353,255.28,215695.26
376456248,Snacks,624,152.58,60802.56
606970441,Office Supplies,4897,651.21,2570729.12
971916091,Meat,424,421.89,154628.56
554154527,Office Supplies,5494,651.21,2884130.24
306859576,Household,5423,668.27,2725274.42
803517568,Personal Care,7559,81.73,428368.53
887927329,Office Supplies,6283,651.21,3298323.68
824200189,Vegetables,8006,154.06,727985.58
946759974,Office Supplies,6170,651.21,3239003.2
310343015,Clothes,6249,109.28,223964.16
739998137,Vegetables,748,154.06,68015.64
981086671,Beverages,4203,47.45,133613.37
749282443,Office Supplies,8180,651.21,4294172.8
280571782,Office Supplies,6280,651.21,3296748.8
781253516,Household,9131,668.27,4588692.74
377938973,Personal Care,9396,81.73,532471.32
867551982,Clothes,6765,109.28,242457.6
967328870,Personal Care,2964,81.73,167969.88
364818465,Office Supplies,6746,651.21,3541380.16
167882096,Office Supplies,8898,651.21,4671094.08
654693591,Clothes,7237,109.28,259374.08
823739278,Personal Care,1612,81.73,91352.04
643817985,Beverages,8904,47.45,283058.16
604041039,Personal Care,8022,81.73,454606.74
363832271,Personal Care,4909,81.73,278193.03
102928006,Personal Care,7539,81.73,427235.13
971377074,Office Supplies,917,651.21,481388.32
139540803,Meat,2079,421.89,758190.51
248093020,Meat,5093,421.89,1857366.17
858020055,Snacks,6056,152.58,590096.64
700620734,Baby Food,8099,255.28,1291142.58
827506387,Cosmetics,6384,437.2,1681098.72
560600841,Household,3101,668.27,1558376.54
642140424,Personal Care,2476,81.73,140314.92
984673964,Baby Food,5763,255.28,918737.46
221062791,Beverages,6247,47.45,198592.13
654480731,Vegetables,4247,154.06,386179.71
608414113,Beverages,2111,47.45,67108.69
276661765,Household,9219,668.27,4632916.26
373335015,Baby Food,6982,255.28,1113070.44
782857692,Clothes,3843,109.28,137733.12
109966123,Fruits,274,9.33,1896.08
629709136,Cereal,3782,205.7,442910.02
637448060,Personal Care,3901,81.73,221069.67
298856723,Baby Food,7200,255.28,1147824
299921452,Household,2278,668.27,1144786.12
496941077,Personal Care,4763,81.73,269919.21
366526925,Snacks,2317,152.58,225768.48
355602824,Meat,9633,421.89,3513058.77
531405103,Vegetables,3434,154.06,312253.62
131482589,Vegetables,7475,154.06,679701.75
713696610,Cereal,7542,205.7,883243.62
306220996,Vegetables,6452,154.06,586680.36
157542073,Household,9055,668.27,4550499.7
686458671,Personal Care,7230,81.73,409724.1
132082116,Office Supplies,4888,651.21,2566004.48
403836238,Clothes,2972,109.28,106516.48
331457364,Household,4455,668.27,2238815.7
614994323,Meat,9341,421.89,3406569.29
674808442,Fruits,9669,9.33,66909.48
901573550,Baby Food,4503,255.28,717868.26
406275975,Clothes,4944,109.28,177192.96
170214545,Vegetables,9121,154.06,829372.53
795000588,Personal Care,7196,81.73,407797.32
252557933,Fruits,6360,9.33,44011.2
635122907,Baby Food,5837,255.28,930534.54
505244338,Vegetables,1882,154.06,171130.26
745783555,Clothes,2782,109.28,99706.88
509914386,Snacks,3853,152.58,375436.32
371123158,Household,2445,668.27,1228710.3
973208701,Household,2936,668.27,1475457.44
780282342,Baby Food,1739,255.28,277231.38
126767909,Clothes,2296,109.28,82288.64
767401731,Baby Food,80,255.28,12753.6
927232635,Personal Care,7597,81.73,430521.99
251621949,Meat,9381,421.89,3421156.89
256243503,Office Supplies,7002,651.21,3675769.92
277083623,Cosmetics,4056,437.2,1068066.48
620441138,Vegetables,1175,154.06,106842.75
312927377,Office Supplies,1020,651.21,535459.2
251466166,Baby Food,3282,255.28,523216.44
953293836,Office Supplies,9685,651.21,5084237.6
305959212,Cereal,8985,205.7,1052233.35
317323625,Cereal,1967,205.7,230355.37
365560901,Household,6449,668.27,3240880.46
349157369,Baby Food,2279,255.28,363318.18
236911857,Baby Food,6338,255.28,1010403.96
517935693,Personal Care,7536,81.73,427065.12
851652705,Clothes,1816,109.28,65085.44
517799222,Cereal,7151,205.7,837453.61
666424071,Office Supplies,8547,651.21,4486833.12
267888581,Fruits,3039,9.33,21029.88
162866580,Vegetables,4695,154.06,426916.35
812344396,Beverages,9614,47.45,305629.06
947620856,Meat,924,421.89,336973.56
720307290,Vegetables,3789,154.06,344533.77
352327525,Household,399,668.27,200513.46
585917890,Household,4979,668.27,2502146.66
433627212,Meat,8783,421.89,3203072.27
328316819,Beverages,5098,47.45,162065.42
773160541,Cereal,4240,205.7,496546.4
991644704,Household,8559,668.27,4301239.86
277568137,Meat,7435,421.89,2711470.15
245042169,Fruits,2278,9.33,15763.76
778490626,Household,1531,668.27,769388.74
482649838,Baby Food,5668,255.28,903592.56
732568633,Beverages,2193,47.45,69715.47
723608338,Household,642,668.27,322630.68
621442782,Household,7584,668.27,3811263.36
212058293,Baby Food,1616,255.28,257622.72
251753699,Snacks,8369,152.58,815475.36
217140328,Fruits,5503,9.33,38080.76
555142009,Vegetables,7712,154.06,701252.16
432995069,Clothes,1718,109.28,61573.12
888248336,Personal Care,1276,81.73,72310.92
778763139,Vegetables,2173,154.06,197590.89
832713305,Snacks,7227,152.58,704198.88
498585164,Household,1285,668.27,645763.9
195177543,Fruits,6227,9.33,43090.84
861601769,Cereal,5965,205.7,698561.15
807281672,Meat,1441,421.89,525518.29
661953580,Clothes,5629,109.28,201743.36
225666320,Cosmetics,8534,437.2,2247258.22
718781220,Household,2191,668.27,1101065.14
731972110,Office Supplies,5668,651.21,2975473.28
276225316,Vegetables,64,154.06,5819.52
332839667,Office Supplies,3509,651.21,1842084.64
603426492,Vegetables,6163,154.06,560401.59
859909617,Beverages,5220,47.45,165943.8
494525372,Household,9902,668.27,4976151.08
769822585,Vegetables,6465,154.06,587862.45
768662583,Vegetables,3195,154.06,290521.35
544219195,Cereal,5409,205.7,633447.99
669978749,Beverages,455,47.45,14464.45
889740073,Cosmetics,2715,437.2,714940.95
567614495,Beverages,8598,47.45,273330.42
938025844,Vegetables,1547,154.06,140668.71
155710446,Vegetables,7036,154.06,639783.48
945717132,Baby Food,7570,255.28,1206809.4
253407227,Cosmetics,7685,437.2,2023691.05
494454562,Household,8948,668.27,4496727.92
104845464,Cereal,4957,205.7,580514.27
290878760,Cosmetics,6344,437.2,1670565.52
979165780,Office Supplies,5768,651.21,3027969.28
366630351,Office Supplies,2923,651.21,1534458.08
770508801,Office Supplies,9532,651.21,5003918.72
978349959,Beverages,4349,47.45,138254.71
298015153,Beverages,8161,47.45,259438.19
807678210,Snacks,8786,152.58,856107.84
605825459,Personal Care,6071,81.73,344043.57
561255729,Fruits,6897,9.33,47727.24
263080346,Clothes,175,109.28,6272
270723140,Cereal,1848,205.7,216419.28
763920438,Clothes,9888,109.28,354385.92
192721068,Household,9302,668.27,4674627.08
227486360,Fruits,7124,9.33,49298.08
808890140,Vegetables,7422,154.06,674882.46
597918736,Cosmetics,6296,437.2,1657925.68
125870978,Cosmetics,6874,437.2,1810130.42
444358193,Household,4319,668.27,2170470.26
875304210,Beverages,822,47.45,26131.38
360945355,Baby Food,607,255.28,96767.94
613830459,Cereal,4928,205.7,577118.08
266820847,Cereal,7073,205.7,828319.03
723090350,Baby Food,7358,255.28,1173012.36
306125295,Meat,8132,421.89,2965659.08
109724509,Personal Care,8775,81.73,497279.25
847999322,Clothes,699,109.28,25052.16
605373561,Clothes,2344,109.28,84008.96
686583554,Beverages,4186,47.45,133072.94
666678130,Beverages,3729,47.45,118544.91
641018617,Baby Food,508,255.28,80985.36
775278842,Meat,1093,421.89,398606.17
855445134,Meat,4080,421.89,1487935.2
737816321,Vegetables,5100,154.06,463743
799003732,Beverages,1815,47.45,57698.85
585931193,Vegetables,8916,154.06,810731.88
165835034,Vegetables,3127,154.06,284338.11
576264083,Baby Food,8203,255.28,1307722.26
675079667,Clothes,9930,109.28,355891.2
290455615,Personal Care,1126,81.73,63810.42
670878255,Snacks,6639,152.58,646904.16
435146415,Cereal,8349,205.7,977751.39
522371423,Snacks,167,152.58,16272.48
141977107,Office Supplies,3036,651.21,1593778.56
823699796,Baby Food,9929,255.28,1582881.18
567588317,Beverages,851,47.45,27053.29
594003999,Fruits,7838,9.33,54238.96
393620669,Baby Food,9958,255.28,1587504.36
877424657,Cosmetics,8309,437.2,2188008.97
326714789,Household,1021,668.27,513093.34
243102395,Fruits,8256,9.33,57131.52
398511302,Household,7205,668.27,3620800.7
185177838,Personal Care,7092,81.73,401903.64
865650832,Personal Care,4173,81.73,236483.91
622791612,Cereal,6733,205.7,788501.63
409774005,Personal Care,89,81.73,5043.63
800084340,Office Supplies,1591,651.21,835211.36
637521445,Snacks,5618,152.58,547417.92
186196649,Beverages,8581,47.45,272789.99
680533778,Baby Food,3923,255.28,625404.66
275269162,Beverages,7117,47.45,226249.43
795451629,Household,668,668.27,335696.72
986442506,Cereal,9113,205.7,1067223.43
563915622,Cereal,4019,205.7,470665.09
663857305,Cosmetics,8984,437.2,2365756.72
692566382,Fruits,4638,9.33,32094.96
576654183,Household,3642,668.27,1830250.68
313044536,Baby Food,5689,255.28,906940.38
418973767,Personal Care,2503,81.73,141845.01
581990706,Beverages,2838,47.45,90220.02
109956681,Baby Food,7480,255.28,1192461.6
181045520,Cereal,4247,205.7,497366.17
693743550,Vegetables,2988,154.06,271698.84
716849601,Clothes,582,109.28,20858.88
739474999,Cosmetics,5940,437.2,1564180.2
421043574,Personal Care,5005,81.73,283633.35
841291654,Personal Care,5751,81.73,325909.17
450268065,Cereal,3181,205.7,372526.91
918334138,Meat,4334,421.89,1580566.46
386163699,Meat,3275,421.89,1194359.75
214743077,Personal Care,6103,81.73,345857.01
935371100,Baby Food,5949,255.28,948389.58
899659097,Cosmetics,7974,437.2,2099793.42
329530894,Vegetables,4369,154.06,397273.17
867222821,Meat,9359,421.89,3413133.71
625283706,Beverages,4199,47.45,133486.21
936574876,Office Supplies,2173,651.21,1140738.08
504270160,Cereal,3601,205.7,421713.11
351855885,Personal Care,830,81.73,47036.1
673130881,Snacks,3241,152.58,315803.04
382206475,Office Supplies,2244,651.21,1178010.24
263506495,Cereal,6283,205.7,735802.13
721767270,Cereal,5829,205.7,682634.19
432037627,Cosmetics,8390,437.2,2209338.7
389678895,Meat,3499,421.89,1276050.31
760364902,Meat,7726,421.89,2817594.94
430081975,Fruits,9669,9.33,66909.48
155128943,Baby Food,4957,255.28,790244.94
312117135,Clothes,1251,109.28,44835.84
447970378,Meat,3245,421.89,1183419.05
629925000,Cosmetics,7661,437.2,2017371.13
995529830,Personal Care,8254,81.73,467754.18
402646195,Office Supplies,812,651.21,426267.52
479447925,Meat,8150,421.89,2972223.5
674421346,Cosmetics,5118,437.2,1347722.94
506365287,Cosmetics,3596,437.2,946934.68
914391076,Clothes,7494,109.28,268584.96
207922542,Meat,7755,421.89,2828170.95
816696012,Office Supplies,7353,651.21,3860030.88
740760314,Beverages,6293,47.45,200054.47
300476777,Baby Food,6610,255.28,1053766.2
786519229,Snacks,7373,152.58,718425.12
409873998,Cosmetics,9679,437.2,2548771.07
151839911,Cosmetics,1659,437.2,436864.47
614028298,Vegetables,3473,154.06,315799.89
668362987,Household,2315,668.27,1163380.1
607080304,Household,7408,668.27,3722816.32
792729079,Baby Food,5006,255.28,798056.52
308170640,Baby Food,3395,255.28,541230.9
106578814,Vegetables,7894,154.06,717801.42
761439931,Cereal,5851,205.7,685210.61
216552817,Household,1646,668.27,827180.84
536028802,Fruits,1689,9.33,11687.88
254291713,Beverages,9424,47.45,299588.96
226077878,Personal Care,323,81.73,18304.41
476436126,Office Supplies,6892,651.21,3618024.32
650727784,Cosmetics,3667,437.2,965631.11
464626681,Household,2215,668.27,1113126.1
154119145,Meat,6135,421.89,2237373.15
925504004,Meat,6057,421.89,2208927.33
905392587,Cereal,4641,205.7,543507.51
990708720,Snacks,1581,152.58,154052.64
798688733,Baby Food,8600,255.28,1371012
916881453,Cereal,4452,205.7,521373.72
653148210,Cosmetics,9924,437.2,2613286.92
285662829,Personal Care,2834,81.73,160602.78
612911641,Vegetables,3030,154.06,275517.9
703693473,Office Supplies,7391,651.21,3879979.36
147119653,Clothes,4829,109.28,173071.36
402614009,Fruits,1287,9.33,8906.04
749912869,Personal Care,4738,81.73,268502.46
539065062,Household,186,668.27,93472.44
540431916,Snacks,4668,152.58,454849.92
694687259,Beverages,2252,47.45,71591.08
562817418,Cosmetics,9036,437.2,2379449.88
676121222,Cereal,8149,205.7,954329.39
286210000,Snacks,4754,152.58,463229.76
515007579,Beverages,1042,47.45,33125.18
304750287,Cosmetics,1237,437.2,325739.21
467986953,Beverages,6594,47.45,209623.26
537578904,Beverages,399,47.45,12684.21
116699969,Vegetables,2969,154.06,269971.17
228836476,Snacks,6653,152.58,648268.32
167787253,Vegetables,832,154.06,75653.76
647663629,Vegetables,6915,154.06,628780.95
652889430,Meat,3346,421.89,1220252.74
588200986,Office Supplies,598,651.21,313926.08
928647124,Personal Care,6176,81.73,349993.92
869589173,Cosmetics,9615,437.2,2531917.95
576700961,Household,7485,668.27,3761511.9
735968816,Cereal,8382,205.7,981616.02
303691565,Snacks,7938,152.58,773478.72
556480538,Clothes,3812,109.28,136622.08
141259562,Beverages,698,47.45,22189.42
925264966,Cosmetics,5320,437.2,1400915.6
346045577,Office Supplies,1431,651.21,751217.76
861462724,Fruits,4818,9.33,33340.56
499690234,Personal Care,8299,81.73,470304.33
509214437,Clothes,6722,109.28,240916.48
408834159,Office Supplies,1968,651.21,1033121.28
237660729,Beverages,7946,47.45,252603.34
105117976,Clothes,5600,109.28,200704
640942227,Cereal,7903,205.7,925520.33
745182311,Cosmetics,4860,437.2,1279783.8
738199555,Baby Food,8508,255.28,1356345.36
110667788,Snacks,7913,152.58,771042.72
673573338,Office Supplies,4174,651.21,2191183.04
708215034,Snacks,5421,152.58,528222.24
816204202,Household,1816,668.27,912612.64
769464671,Beverages,550,47.45,17484.5
860232770,Beverages,848,47.45,26957.92
551057326,Personal Care,8963,81.73,507933.21
724799668,Cosmetics,3183,437.2,838179.39
534633624,Cosmetics,8825,437.2,2323887.25
554045522,Beverages,3237,47.45,102904.23
526834189,Clothes,799,109.28,28636.16
717110955,Household,7922,668.27,3981121.88
559299647,Baby Food,8049,255.28,1283171.58
908136594,Meat,6654,421.89,2426647.26
888670623,Office Supplies,6240,651.21,3275750.4
146263062,Office Supplies,1345,651.21,706071.2
196587741,Office Supplies,3536,651.21,1856258.56
375630986,Baby Food,6411,255.28,1022041.62
989691627,Beverages,600,47.45,19074
165380990,Household,8765,668.27,4404763.1
599622905,Snacks,597,152.58,58171.68
109653699,Personal Care,7821,81.73,443216.07
183022201,Meat,9191,421.89,3351865.79
127589738,Personal Care,5494,81.73,311344.98
221530139,Fruits,4546,9.33,31458.32
363329732,Office Supplies,6197,651.21,3253177.12
521787345,Fruits,7325,9.33,50689
286014306,Meat,6844,421.89,2495938.36
215434443,Cereal,694,205.7,81274.34
489784085,Snacks,6850,152.58,667464
459112060,Office Supplies,316,651.21,165887.36
893779695,Office Supplies,8128,651.21,4266874.88
834460818,Meat,4355,421.89,1588224.95
742141759,Beverages,5093,47.45,161906.47
248121345,Vegetables,3475,154.06,315981.75
404010903,Clothes,4659,109.28,166978.56
531734263,Household,840,668.27,422133.6
473527753,Baby Food,6240,255.28,994780.8
141940200,Cereal,2114,205.7,247570.54
869832932,Household,1749,668.27,878942.46
460379779,Snacks,5462,152.58,532217.28
837067067,Vegetables,5602,154.06,509389.86
393693625,Beverages,1547,47.45,49179.13
744370782,Vegetables,4711,154.06,428371.23
873522365,Cosmetics,3534,437.2,930608.22
285884702,Beverages,8491,47.45,269928.89
356506621,Cosmetics,7086,437.2,1865956.38
280749452,Baby Food,8856,255.28,1411823.52
224287021,Baby Food,368,255.28,58666.56
873105657,Fruits,221,9.33,1529.32
283504188,Snacks,4044,152.58,394047.36
632093942,Beverages,9499,47.45,301973.21
565798747,Meat,1277,421.89,465709.13
151854932,Vegetables,6104,154.06,555036.72
427811324,Vegetables,7733,154.06,703161.69
251529252,Fruits,1950,9.33,13494
351182544,Snacks,1574,152.58,153370.56
175257527,Meat,1452,421.89,529529.88
142553031,Snacks,3465,152.58,337629.6
292180383,Fruits,1523,9.33,10539.16
733563411,Fruits,6569,9.33,45457.48
296438443,Beverages,1578,47.45,50164.62
580854308,Meat,6552,421.89,2389448.88
107172334,Cosmetics,3530,437.2,929554.9
166066348,Baby Food,1578,255.28,251564.76
768522679,Snacks,1794,152.58,174807.36
195840156,Household,2309,668.27,1160364.86
849630105,Cosmetics,3284,437.2,864775.72
701816356,Fruits,1910,9.33,13217.2
944635236,Office Supplies,7413,651.21,3891528.48
140635573,Vegetables,6046,154.06,549762.78
972678697,Meat,6096,421.89,2223150.24
793938434,Fruits,2880,9.33,19929.6
177901113,Baby Food,3747,255.28,597346.74
668365561,Beverages,3077,47.45,97817.83
729443109,Vegetables,7281,154.06,662061.33
695557582,Fruits,9800,9.33,67816
521445310,Household,6110,668.27,3070519.4
232155120,Personal Care,8714,81.73,493822.38
373048341,Beverages,2149,47.45,68316.71
659798800,Office Supplies,7982,651.21,4190230.72
428392827,Household,9812,668.27,4930922.48
885129249,Personal Care,8269,81.73,468604.23
156619393,Meat,6014,421.89,2193245.66
939787089,Baby Food,2739,255.28,436651.38
151868665,Vegetables,168,154.06,15276.24
180412948,Cereal,7055,205.7,826211.05
333281266,Fruits,4188,9.33,28980.96
888647449,Cosmetics,9383,437.2,2470825.39
844997823,Clothes,2488,109.28,89169.92
171131217,Fruits,385,9.33,2664.2
256158959,Office Supplies,1983,651.21,1040995.68
759504878,Cosmetics,3226,437.2,849502.58
960905301,Fruits,2087,9.33,14442.04
210409057,Office Supplies,3570,651.21,1874107.2
178377473,Cosmetics,4713,437.2,1241074.29
805484378,Fruits,9582,9.33,66307.44
752716100,Beverages,4276,47.45,135934.04
551371467,Clothes,1925,109.28,68992
353061807,Snacks,7689,152.58,749216.16
379710948,Personal Care,3762,81.73,213192.54
473555219,Cereal,4368,205.7,511536.48
547143447,Office Supplies,760,651.21,398969.6
133336961,Personal Care,6225,81.73,352770.75
635309588,Meat,1080,421.89,393865.2
376547658,Beverages,7675,47.45,243988.25
450849997,Clothes,5388,109.28,193105.92
672327935,Personal Care,5631,81.73,319108.77
925405299,Cereal,6847,205.7,801852.17
714818418,Household,9509,668.27,4778652.86
515616118,Beverages,1122,47.45,35668.38
423159730,Cereal,1222,205.7,143108.42
603123080,Personal Care,6377,81.73,361384.59
841492497,Meat,5185,421.89,1890917.65
994566810,Cereal,3275,205.7,383535.25
538957345,Vegetables,8310,154.06,755628.3
821587932,Fruits,4981,9.33,34468.52
109694898,Household,13,668.27,6533.02
340827071,Meat,7159,421.89,2610815.71
372845780,Meat,2207,421.89,804870.83
933924853,Fruits,7973,9.33,55173.16
572550618,Office Supplies,9306,651.21,4885277.76
607521903,Meat,8086,421.89,2948883.34
177950036,Snacks,8225,152.58,801444
293258845,Beverages,664,47.45,21108.56
683184659,Beverages,8377,47.45,266304.83
247776305,Cereal,1370,205.7,160440.7
207395112,Meat,1677,421.89,611585.13
952714908,Vegetables,8367,154.06,760811.31
694722020,Vegetables,2539,154.06,230871.27
414715278,Household,2321,668.27,1166395.34
714306008,Snacks,7876,152.58,767437.44
465418040,Snacks,6396,152.58,623226.24
860287702,Cereal,7103,205.7,831832.33
461463820,Vegetables,6254,154.06,568676.22
151807725,Baby Food,2134,255.28,340202.28
884493243,Meat,61,421.89,22246.09
533006703,Cosmetics,7383,437.2,1944165.39
641146934,Vegetables,8480,154.06,771086.4
573025262,Cosmetics,9764,437.2,2571154.12
663065516,Household,4676,668.27,2349877.04
866004025,Beverages,8691,47.45,276286.89
306889617,Baby Food,4312,255.28,687419.04
431083619,Personal Care,6077,81.73,344383.59
954259860,Personal Care,5553,81.73,314688.51
312404668,Personal Care,6338,81.73,359174.46
611816871,Office Supplies,9063,651.21,4757712.48
879107797,Office Supplies,6388,651.21,3353444.48
211201274,Vegetables,8005,154.06,727894.65
925333631,Fruits,5639,9.33,39021.88
909053695,Snacks,8044,152.58,783807.36
370222795,Baby Food,6007,255.28,957635.94
487014758,Cosmetics,7344,437.2,1933895.52
257915914,Vegetables,1905,154.06,173221.65
551725089,Meat,6569,421.89,2395648.61
957553613,Meat,248,421.89,90443.12
234825313,Office Supplies,8883,651.21,4663219.68
363276517,Snacks,449,152.58,43750.56
692956054,Personal Care,9950,81.73,563866.5
194225251,Cosmetics,4423,437.2,1164708.59
607757937,Fruits,7934,9.33,54903.28
594540441,Cereal,6583,205.7,770935.13
685871589,Vegetables,3500,154.06,318255
133362710,Cereal,3844,205.7,450170.84
958937633,Clothes,9810,109.28,351590.4
304832684,Vegetables,5620,154.06,511026.6
783596694,Baby Food,2530,255.28,403332.6
128090989,Household,3825,668.27,1922215.5
641489398,Vegetables,9823,154.06,893205.39
647278249,Clothes,2873,109.28,102968.32
339256370,Clothes,2354,109.28,84367.36
431535089,Baby Food,9677,255.28,1542707.34
808538234,Cereal,3286,205.7,384823.46
975002133,Personal Care,3653,81.73,207015.51
505975615,Snacks,8283,152.58,807095.52
396820008,Vegetables,6714,154.06,610504.02
813209140,Vegetables,5511,154.06,501115.23
641129338,Baby Food,3273,255.28,521781.66
636879432,Meat,5632,421.89,2053934.08
277070748,Snacks,246,152.58,23970.24
908627116,Cosmetics,1810,437.2,476627.3
798784863,Cosmetics,7047,437.2,1855686.51
985092818,Beverages,9711,47.45,308712.69
325412309,Snacks,5588,152.58,544494.72
447917163,Beverages,7497,47.45,238329.63
801093709,Meat,285,421.89,103936.65
903740775,Fruits,5833,9.33,40364.36
794969689,Meat,8052,421.89,2936483.88
584204280,Clothes,7884,109.28,282562.56
901180875,Cereal,8302,205.7,972247.22
645948302,Snacks,9312,152.58,907361.28
138867890,Cereal,2950,205.7,345474.5
670613467,Beverages,8282,47.45,263284.78
452171361,Cosmetics,6409,437.2,1687681.97
464840400,Snacks,5459,152.58,531924.96
410231912,Household,5594,668.27,2811208.76
960269725,Meat,4006,421.89,1460948.14
607190167,Beverages,9919,47.45,315325.01
613542068,Meat,9587,421.89,3496283.03
962186753,Household,1297,668.27,651794.38
806298053,Beverages,366,47.45,11635.14
719362294,Personal Care,4144,81.73,234840.48
445178306,Baby Food,7008,255.28,1117215.36
247857415,Cosmetics,5372,437.2,1414608.76
461823451,Vegetables,2677,154.06,243419.61
141812741,Office Supplies,4396,651.21,2307724.16
212874114,Meat,3036,421.89,1107198.84
320368897,Office Supplies,3131,651.21,1643649.76
179970920,Beverages,6249,47.45,198655.71
927666509,Household,5990,668.27,3010214.6
169754493,Office Supplies,2982,651.21,1565430.72
532846200,Personal Care,9886,81.73,560239.62
213865458,Snacks,6397,152.58,623323.68
630048596,Office Supplies,4236,651.21,2223730.56
568944442,Clothes,2158,109.28,77342.72
238414323,Baby Food,951,255.28,151608.42
816632068,Office Supplies,8431,651.21,4425937.76
402084004,Baby Food,4447,255.28,708940.74
763568961,Snacks,5879,152.58,572849.76
590198266,Snacks,1637,152.58,159509.28
441395747,Snacks,7665,152.58,746877.6
496897733,Personal Care,1936,81.73,109713.12
106753051,Beverages,9455,47.45,300574.45
941323029,Fruits,7258,9.33,50225.36
241281497,Vegetables,9412,154.06,855833.16
267614781,Meat,2016,421.89,735215.04
651621711,Cosmetics,8200,437.2,2159306
644913613,Personal Care,3124,81.73,177037.08
469414317,Cereal,8983,205.7,1051999.13
867360150,Clothes,9998,109.28,358328.32
851299941,Clothes,7425,109.28,266112
854095017,Beverages,4550,47.45,144644.5
478919208,Vegetables,1691,154.06,153762.63
749258840,Clothes,1196,109.28,42864.64
958912742,Baby Food,2444,255.28,389622.48
921992242,Personal Care,6848,81.73,388076.16
522921168,Vegetables,2849,154.06,259059.57
166435849,Personal Care,921,81.73,52193.07
327585113,Baby Food,8569,255.28,1366069.98
201730287,Clothes,5330,109.28,191027.2
854545199,Fruits,7769,9.33,53761.48
272016179,Personal Care,4487,81.73,254278.29
110442054,Cereal,1113,205.7,130343.43
746434152,Household,5308,668.27,2667482.32
826916301,Vegetables,1764,154.06,160400.52
419124829,Beverages,7206,47.45,229078.74
560608565,Office Supplies,5387,651.21,2827959.52
109228837,Office Supplies,2095,651.21,1099791.2
693159472,Clothes,146,109.28,5232.64
860886800,Snacks,4390,152.58,427761.6
131209647,Fruits,6705,9.33,46398.6
343239343,Office Supplies,1004,651.21,527059.84
706399714,Clothes,8228,109.28,294891.52
950427091,Office Supplies,1352,651.21,709745.92
875370299,Snacks,379,152.58,36929.76
801590669,Clothes,7347,109.28,263316.48
219762027,Personal Care,1322,81.73,74917.74
940870702,Cereal,3404,205.7,398642.44
346215522,Fruits,1721,9.33,11909.32
837407815,Clothes,6436,109.28,230666.24
386371409,Meat,4741,421.89,1728995.29
185342633,Beverages,5859,47.45,186257.61
596870315,Snacks,6045,152.58,589024.8
703815782,Meat,3585,421.89,1307413.65
559352862,Personal Care,3797,81.73,215175.99
736967885,Cosmetics,4029,437.2,1060956.57
980459678,Clothes,8661,109.28,310410.24
653939568,Vegetables,4105,154.06,373267.65
991831386,Cosmetics,3803,437.2,1001443.99
148871457,Cereal,3227,205.7,377913.97
850108611,Fruits,4884,9.33,33797.28
940904176,Office Supplies,3309,651.21,1737092.64
136931979,Office Supplies,70,651.21,36747.2
474178349,Beverages,8766,47.45,278671.14
458942115,Personal Care,25,81.73,1416.75
917834603,Beverages,6510,47.45,206952.9
947779643,Personal Care,7913,81.73,448429.71
166013562,Clothes,5957,109.28,213498.88
960085189,Beverages,9397,47.45,298730.63
837855851,Cosmetics,9020,437.2,2375236.6
977499377,Snacks,2643,152.58,257533.92
377502095,Beverages,114,47.45,3624.06
806662833,Meat,8313,421.89,3031667.97
954092919,Vegetables,6152,154.06,559401.36
479216182,Meat,9572,421.89,3490812.68
461768949,Personal Care,6548,81.73,371075.16
251800048,Meat,2085,421.89,760378.65
619670808,Personal Care,3217,81.73,182307.39
606055057,Household,4014,668.27,2017195.56
671939122,Baby Food,573,255.28,91347.66
448621833,Cosmetics,6025,437.2,1586563.25
987714517,Fruits,5530,9.33,38267.6
711141002,Household,1280,668.27,643251.2
361137616,Office Supplies,7501,651.21,3937724.96
750253188,Household,5446,668.27,2736832.84
511349046,Office Supplies,8401,651.21,4410188.96
147599017,Personal Care,6684,81.73,378782.28
682489430,Beverages,2644,47.45,84052.76
509819114,Vegetables,5660,154.06,514663.8
343699395,Office Supplies,7144,651.21,3750314.24
968554103,Clothes,5537,109.28,198446.08
989119565,Beverages,1315,47.45,41803.85
880444610,Vegetables,1980,154.06,180041.4
737890565,Vegetables,7071,154.06,642966.03
727131259,Vegetables,3153,154.06,286702.29
634153020,Office Supplies,8826,651.21,4633296.96
315254676,Beverages,9719,47.45,308967.01
147047555,Personal Care,3494,81.73,198004.98
576455485,Household,4843,668.27,2433801.22
770714795,Snacks,490,152.58,47745.6
867374312,Cosmetics,4189,437.2,1103089.37
624295365,Fruits,1727,9.33,11950.84
769651782,Clothes,5921,109.28,212208.64
751929891,Vegetables,1619,154.06,147215.67
989928519,Office Supplies,702,651.21,368521.92
622758996,Meat,7081,421.89,2582369.89
659845149,Baby Food,1698,255.28,270695.16
830923306,Baby Food,7526,255.28,1199794.92
936042296,Beverages,4571,47.45,145312.09
395563447,Household,4869,668.27,2446867.26
500160586,Meat,7487,421.89,2730434.03
360820043,Fruits,3524,9.33,24386.08
958840644,Snacks,1109,152.58,108060.96
195833718,Baby Food,404,255.28,64405.68
543723094,Personal Care,8601,81.73,487418.67
494745099,Cosmetics,4924,437.2,1296636.92
411448562,Vegetables,5628,154.06,511754.04
276694810,Personal Care,8998,81.73,509916.66
143657672,Office Supplies,352,651.21,184785.92
585823476,Baby Food,7040,255.28,1122316.8
446991050,Clothes,3440,109.28,123289.6
891271722,Clothes,5963,109.28,213713.92
453089320,Cosmetics,8053,437.2,2120596.49
887180173,Baby Food,5183,255.28,826273.86
418593108,Cosmetics,9858,437.2,2595907.14
492689454,Personal Care,6613,81.73,374758.71
825143039,Cosmetics,7017,437.2,1847786.61
751940190,Vegetables,4667,154.06,424370.31
579379737,Baby Food,194,255.28,30927.48
234073007,Meat,6259,421.89,2282594.71
612943828,Meat,2554,421.89,931418.26
433228528,Fruits,804,9.33,5563.68
282475936,Fruits,9762,9.33,67553.04
368547379,Meat,214,421.89,78043.66
969616687,Meat,9980,421.89,3639606.2
184170186,Baby Food,8906,255.28,1419794.52
681006705,Fruits,3872,9.33,26794.24
249237573,Baby Food,3791,255.28,604361.22
348286616,Vegetables,4604,154.06,418641.72
257890164,Clothes,4285,109.28,153574.4
228097045,Cosmetics,7839,437.2,2064243.87
129268586,Cereal,2302,205.7,269587.22
802078616,Cosmetics,1741,437.2,458457.53
907513463,Clothes,2256,109.28,80855.04
976871955,Vegetables,6975,154.06,634236.75
261765420,Cereal,1060,205.7,124136.6
784117686,Vegetables,6703,154.06,609503.79
586165082,Cosmetics,8128,437.2,2140346.24
480456435,Snacks,6591,152.58,642227.04
899853074,Cereal,5376,205.7,629583.36
547528827,Baby Food,4802,255.28,765534.84
446970021,Vegetables,7217,154.06,656241.81
791975486,Beverages,2001,47.45,63611.79
496656548,Vegetables,564,154.06,51284.52
345437037,Vegetables,1351,154.06,122846.43
743053281,Vegetables,4833,154.06,439464.69
364554107,Snacks,8516,152.58,829799.04
205300843,Cosmetics,1937,437.2,510070.21
430967319,Household,1661,668.27,834718.94
827539861,Meat,6289,421.89,2293535.41
351317298,Snacks,1450,152.58,141288
278910958,Household,4805,668.27,2414704.7
157244670,Cosmetics,1047,437.2,275706.51
953554761,Beverages,6899,47.45,219319.21
105390059,Cereal,6115,205.7,716127.65
970611894,Cosmetics,4483,437.2,1180508.39
677394092,Baby Food,4820,255.28,768404.4
474222981,Baby Food,1973,255.28,314535.66
779897391,Snacks,7824,152.58,762370.56
733528649,Snacks,6283,152.58,612215.52
444540584,Office Supplies,8292,651.21,4352968.32
542669522,Clothes,6826,109.28,244643.84
827964293,Fruits,1888,9.33,13064.96
720786225,Snacks,5516,152.58,537479.04
611809146,Household,6777,668.27,3405713.58
512019383,Personal Care,6769,81.73,383599.23
502715766,Personal Care,3621,81.73,205202.07
285509622,Office Supplies,7497,651.21,3935625.12
532324779,Beverages,5586,47.45,177578.94
635397565,Personal Care,7114,81.73,403150.38
957276809,Cereal,8335,205.7,976111.85
580823838,Snacks,7536,152.58,734307.84
459212481,Office Supplies,33,651.21,17323.68
265929067,Baby Food,3175,255.28,506158.5
644772422,Beverages,1343,47.45,42693.97
959853875,Vegetables,947,154.06,86110.71
645597255,Vegetables,5429,154.06,493658.97
556738889,Baby Food,264,255.28,42086.88
718327605,Vegetables,7956,154.06,723439.08
775724732,Baby Food,3041,255.28,484796.22
444604098,Baby Food,7088,255.28,1129968.96
860952031,Beverages,3693,47.45,117400.47
531067359,Meat,3488,421.89,1272038.72
281561410,Cosmetics,9133,437.2,2404992.89
109358012,Personal Care,321,81.73,18191.07
531693494,Beverages,8775,47.45,278957.25
336116683,Clothes,3251,109.28,116515.84
630488908,Cereal,4534,205.7,530976.74
792983996,Fruits,441,9.33,3051.72
722088277,Fruits,822,9.33,5688.24
386600577,Cosmetics,2557,437.2,673334.81
275632226,Beverages,4556,47.45,144835.24
948607051,Vegetables,2761,154.06,251057.73
785261380,Cereal,5147,205.7,602765.17
935644042,Cereal,6719,205.7,786862.09
370116364,Snacks,4512,152.58,439649.28
829352176,Beverages,2594,47.45,82463.26
974337804,Household,7063,668.27,3549440.02
436372077,Household,1050,668.27,527667
267066323,Cereal,9715,205.7,1137723.65
688344371,Fruits,5251,9.33,36336.92
642442548,Cosmetics,1881,437.2,495323.73
941909682,Cereal,861,205.7,100831.71
219607102,Beverages,5477,47.45,174113.83
778708636,Personal Care,6045,81.73,342570.15
942700612,Beverages,4915,47.45,156247.85
905381858,Household,1466,668.27,736723.64
480863702,Meat,7110,421.89,2592945.9
453569972,Cosmetics,289,437.2,76102.37
328236997,Baby Food,1476,255.28,235303.92
579913604,Personal Care,8177,81.73,463390.59
403961122,Cosmetics,9928,437.2,2614340.24
866053378,Cosmetics,3295,437.2,867672.35
852176702,Household,6878,668.27,3456470.12
218629920,Baby Food,6307,255.28,1005461.94
242024362,Baby Food,9242,255.28,1473359.64
469283854,Snacks,376,152.58,36637.44
967644727,Fruits,6433,9.33,44516.36
974655807,Cosmetics,1167,437.2,307306.11
248178422,Vegetables,365,154.06,33189.45
416386401,Vegetables,6844,154.06,622324.92
927766072,Snacks,5453,152.58,531340.32
401116263,Vegetables,8071,154.06,733896.03
675548303,Fruits,8610,9.33,59581.2
960486018,Baby Food,8012,255.28,1277273.04
985665738,Clothes,9250,109.28,331520
551136291,Clothes,2331,109.28,83543.04
877259004,Cereal,9289,205.7,1087834.79
554707705,Beverages,9192,47.45,292213.68
494468724,Cereal,3139,205.7,367608.29
777840888,Personal Care,9259,81.73,524707.53
206435525,Baby Food,7714,255.28,1229765.88
352176463,Office Supplies,5696,651.21,2990172.16
607300031,Cosmetics,2429,437.2,639628.57
434355056,Baby Food,4168,255.28,664462.56
716202867,Fruits,9199,9.33,63657.08
606017291,Personal Care,2838,81.73,160829.46
677284657,Cereal,2436,205.7,285279.96
673803794,Fruits,2371,9.33,16407.32
859686028,Cereal,9055,205.7,1060431.05
669355189,Clothes,5930,109.28,212531.2
957547605,Fruits,8470,9.33,58612.4
849312102,Personal Care,9180,81.73,520230.6
890010011,Personal Care,2595,81.73,147058.65
795315158,Cereal,284,205.7,33259.24
801213872,Clothes,5844,109.28,209448.96
314004981,Fruits,9907,9.33,68556.44
160299813,Cereal,5132,205.7,601008.52
337022197,Beverages,1212,47.45,38529.48
461408460,Snacks,9872,152.58,961927.68
221007430,Office Supplies,9865,651.21,5178730.4
723680436,Snacks,1978,152.58,192736.32
447601306,Fruits,4028,9.33,27873.76
191256368,Clothes,5864,109.28,210165.76
823444449,Vegetables,4366,154.06,397000.38
133276879,Beverages,8445,47.45,268466.55
480177485,Meat,4043,421.89,1474441.67
243882596,Household,9135,668.27,4590702.9
574441039,Cosmetics,8724,437.2,2297290.92
442214143,Household,9847,668.27,4948511.38
687875735,Clothes,6571,109.28,235504.64
872412145,Clothes,4995,109.28,179020.8
627122199,Fruits,8250,9.33,57090
103617227,Fruits,1495,9.33,10345.4
423821055,Vegetables,6923,154.06,629508.39
529970014,Vegetables,8759,154.06,796455.87
334612929,Personal Care,8256,81.73,467867.52
270611131,Beverages,8702,47.45,276636.58
841138446,Office Supplies,413,651.21,216808.48
369681203,Household,5738,668.27,2883574.52
850038230,Household,4057,668.27,2038804.78
296320855,Beverages,6781,47.45,215567.99
392952907,Cosmetics,2352,437.2,619352.16
644670712,Snacks,1245,152.58,121312.8
626523101,Meat,963,421.89,351196.47
433871400,Vegetables,1044,154.06,94930.92
232389438,Snacks,8054,152.58,784781.76
708063542,Cereal,592,205.7,69329.12
817192542,Vegetables,4288,154.06,389907.84
936387765,Meat,6803,421.89,2480986.07
612573039,Clothes,2830,109.28,101427.2
812984693,Clothes,9092,109.28,325857.28
775171554,Meat,9344,421.89,3407663.36
256994950,Household,9372,668.27,4709804.88
886628711,Beverages,1993,47.45,63357.47
312559163,Beverages,2057,47.45,65392.03
753585135,Cereal,1443,205.7,168989.73
448817956,Beverages,4062,47.45,129130.98
407681453,Clothes,856,109.28,30679.04
359911954,Snacks,4800,152.58,467712
105558288,Office Supplies,5898,651.21,3096214.08
864981782,Personal Care,6186,81.73,350560.62
328856265,Office Supplies,4732,651.21,2484110.72
308168065,Clothes,2633,109.28,94366.72
884216010,Household,8021,668.27,4030873.34
858611428,Snacks,1057,152.58,102994.08
903278148,Cereal,8932,205.7,1046026.52
410452497,Beverages,870,47.45,27657.3
642683303,Cereal,3126,205.7,366085.86
682831895,Beverages,3987,47.45,126746.73
584072101,Baby Food,8769,255.28,1397953.98
919890248,Meat,4821,421.89,1758170.49
534085166,Snacks,6524,152.58,635698.56
590768182,Baby Food,288,255.28,45912.96
524363124,Vegetables,9556,154.06,868927.08
289606320,Household,9801,668.27,4925394.54
811546599,Cereal,3528,205.7,413164.08
